Raw Skill,Mapped Standard Code,Mapped Description,Match Score
LCM,2.OA.1,Use addition and subtraction within 100 to solve word problems,0.1281
accountability,1.RF.4,Read with sufficient accuracy and fluency to support comprehension,0.2046
activism,1.RL.3,"Describe characters, settings, and major events in a story",0.1143
adaptability,1.RF.4,Read with sufficient accuracy and fluency to support comprehension,0.2711
adaptation,1.RF.4,Read with sufficient accuracy and fluency to support comprehension,0.2088
addition,1.OA.3,Apply properties of operations as strategies to add and subtract,0.5445
advocacy,1.RF.4,Read with sufficient accuracy and fluency to support comprehension,0.1237
algebra,1.OA.3,Apply properties of operations as strategies to add and subtract,0.3502
algebraic thinking,K.OA.1,"Represent addition and subtraction with objects, fingers, mental images, drawings, etc.",0.4093
algorithm use,1.OA.3,Apply properties of operations as strategies to add and subtract,0.3603
alignment,1.OA.3,Apply properties of operations as strategies to add and subtract,0.2309
analysis,K.RF.2,"Demonstrate understanding of spoken words, syllables, and sounds",0.2425
angle types,K.OA.1,"Represent addition and subtraction with objects, fingers, mental images, drawings, etc.",0.161
answering questions,K.RL.1,Ask and answer questions about key details in a text,0.4241
apologies,K.RL.1,Ask and answer questions about key details in a text,0.0643
application,K.RF.2,"Demonstrate understanding of spoken words, syllables, and sounds",0.1749
applied math,1.OA.3,Apply properties of operations as strategies to add and subtract,0.4009
appreciation,K.OA.1,"Represent addition and subtraction with objects, fingers, mental images, drawings, etc.",0.1628
argument writing,1.RF.4,Read with sufficient accuracy and fluency to support comprehension,0.3084
argumentation,1.RF.4,Read with sufficient accuracy and fluency to support comprehension,0.2919
arrays,K.CC.1,Count to 100 by ones and by tens,0.2328
artifacts,K.OA.1,"Represent addition and subtraction with objects, fingers, mental images, drawings, etc.",0.1677
asking for help,K.RL.1,Ask and answer questions about key details in a text,0.3089
assertiveness,1.RF.4,Read with sufficient accuracy and fluency to support comprehension,0.2273
associative,1.OA.3,Apply properties of operations as strategies to add and subtract,0.4538
astronomy,K.OA.1,"Represent addition and subtraction with objects, fingers, mental images, drawings, etc.",0.2226
author purpose,1.RL.3,"Describe characters, settings, and major events in a story",0.2622
awareness,1.RL.3,"Describe characters, settings, and major events in a story",0.2024
basic operations,1.OA.3,Apply properties of operations as strategies to add and subtract,0.6888
beginning-middle-end,K.OA.1,"Represent addition and subtraction with objects, fingers, mental images, drawings, etc.",0.1966
biography,1.RL.3,"Describe characters, settings, and major events in a story",0.3433
biology,K.OA.1,"Represent addition and subtraction with objects, fingers, mental images, drawings, etc.",0.2082
blending,1.OA.3,Apply properties of operations as strategies to add and subtract,0.2144
boundaries,K.OA.1,"Represent addition and subtraction with objects, fingers, mental images, drawings, etc.",0.1991
boundary setting,1.RL.3,"Describe characters, settings, and major events in a story",0.1456
branches,1.NBT.2,Understand that the two digits of a two-digit number represent amounts of tens and ones,0.1153
breathing,1.RL.3,"Describe characters, settings, and major events in a story",0.1435
building,2.OA.1,Use addition and subtraction within 100 to solve word problems,0.1854
calming strategies,1.OA.3,Apply properties of operations as strategies to add and subtract,0.0987
captions,1.RL.3,"Describe characters, settings, and major events in a story",0.3119
caring responses,1.RF.4,Read with sufficient accuracy and fluency to support comprehension,0.17
categorization,K.OA.1,"Represent addition and subtraction with objects, fingers, mental images, drawings, etc.",0.3526
categorizing,K.OA.1,"Represent addition and subtraction with objects, fingers, mental images, drawings, etc.",0.3679
cause and effect,1.RL.3,"Describe characters, settings, and major events in a story",0.2453
cause/effect,1.RL.3,"Describe characters, settings, and major events in a story",0.2461
celebration,1.RL.3,"Describe characters, settings, and major events in a story",0.1776
change,1.OA.3,Apply properties of operations as strategies to add and subtract,0.1523
character analysis,1.RL.3,"Describe characters, settings, and major events in a story",0.4958
character development,1.RL.3,"Describe characters, settings, and major events in a story",0.484
character identification,1.RL.3,"Describe characters, settings, and major events in a story",0.3343
character strengths,1.RL.3,"Describe characters, settings, and major events in a story",0.3597
chemistry,K.OA.1,"Represent addition and subtraction with objects, fingers, mental images, drawings, etc.",0.2342
choice-making,1.RL.3,"Describe characters, settings, and major events in a story",0.1799
circuitry,K.OA.1,"Represent addition and subtraction with objects, fingers, mental images, drawings, etc.",0.2675
citation,K.RL.1,Ask and answer questions about key details in a text,0.1274
citations,K.RL.1,Ask and answer questions about key details in a text,0.2247
citing,K.RL.1,Ask and answer questions about key details in a text,0.21
civic awareness,1.RL.3,"Describe characters, settings, and major events in a story",0.102
civic engagement,1.RL.3,"Describe characters, settings, and major events in a story",0.1227
civic literacy,1.RF.4,Read with sufficient accuracy and fluency to support comprehension,0.3333
civic safety,1.RF.4,Read with sufficient accuracy and fluency to support comprehension,0.094
civic values,K.RL.1,Ask and answer questions about key details in a text,0.1467
civics,2.OA.1,Use addition and subtraction within 100 to solve word problems,0.1013
claims,2.RL.2,"Recount stories, including fables and folktales, and determine their central message, lesson, or moral",0.146
clarity,1.RF.4,Read with sufficient accuracy and fluency to support comprehension,0.3989
classification,K.OA.1,"Represent addition and subtraction with objects, fingers, mental images, drawings, etc.",0.3064
coin identification,1.NBT.2,Understand that the two digits of a two-digit number represent amounts of tens and ones,0.2064
collaboration,K.OA.1,"Represent addition and subtraction with objects, fingers, mental images, drawings, etc.",0.1905
communication,K.RF.2,"Demonstrate understanding of spoken words, syllables, and sounds",0.3051
community,K.OA.1,"Represent addition and subtraction with objects, fingers, mental images, drawings, etc.",0.1214
commutative,1.OA.3,Apply properties of operations as strategies to add and subtract,0.2426
comparison,1.RF.4,Read with sufficient accuracy and fluency to support comprehension,0.1622
comparisons,1.RF.4,Read with sufficient accuracy and fluency to support comprehension,0.2264
compassion,2.RL.2,"Recount stories, including fables and folktales, and determine their central message, lesson, or moral",0.1178
composition,K.OA.1,"Represent addition and subtraction with objects, fingers, mental images, drawings, etc.",0.2662
comprehension,1.RF.4,Read with sufficient accuracy and fluency to support comprehension,0.6075
compromise,1.OA.3,Apply properties of operations as strategies to add and subtract,0.1271
concentration,1.RF.4,Read with sufficient accuracy and fluency to support comprehension,0.2175
confidence,1.RF.4,Read with sufficient accuracy and fluency to support comprehension,0.2613
conflict recognition,1.RL.3,"Describe characters, settings, and major events in a story",0.2716
conflict resolution,1.RL.3,"Describe characters, settings, and major events in a story",0.2095
consequences,1.RL.3,"Describe characters, settings, and major events in a story",0.1847
conservation,1.OA.3,Apply properties of operations as strategies to add and subtract,0.1855
constraints,1.OA.3,Apply properties of operations as strategies to add and subtract,0.265
content,1.RF.4,Read with sufficient accuracy and fluency to support comprehension,0.2836
context clues,1.RL.3,"Describe characters, settings, and major events in a story",0.3736
control variables,1.OA.3,Apply properties of operations as strategies to add and subtract,0.2606
conversion,1.NBT.2,Understand that the two digits of a two-digit number represent amounts of tens and ones,0.35
cooperation,1.OA.3,Apply properties of operations as strategies to add and subtract,0.1945
coordinate plane,K.OA.1,"Represent addition and subtraction with objects, fingers, mental images, drawings, etc.",0.1735
coping skills,1.RF.4,Read with sufficient accuracy and fluency to support comprehension,0.2559
counting,K.CC.1,Count to 100 by ones and by tens,0.4929
courage,1.RL.3,"Describe characters, settings, and major events in a story",0.2119
creative expression,K.OA.1,"Represent addition and subtraction with objects, fingers, mental images, drawings, etc.",0.3052
creativity,K.OA.1,"Represent addition and subtraction with objects, fingers, mental images, drawings, etc.",0.3537
critical thinking,1.RF.4,Read with sufficient accuracy and fluency to support comprehension,0.2766
cross-text analysis,K.RL.1,Ask and answer questions about key details in a text,0.2471
cultural context,1.RL.3,"Describe characters, settings, and major events in a story",0.2367
cultural understanding,1.RF.4,Read with sufficient accuracy and fluency to support comprehension,0.2863
culture,1.RL.3,"Describe characters, settings, and major events in a story",0.2016
curiosity,1.RF.4,Read with sufficient accuracy and fluency to support comprehension,0.2255
cycles,K.OA.1,"Represent addition and subtraction with objects, fingers, mental images, drawings, etc.",0.1773
data,K.OA.1,"Represent addition and subtraction with objects, fingers, mental images, drawings, etc.",0.3221
data analysis,K.RF.2,"Demonstrate understanding of spoken words, syllables, and sounds",0.2581
data collection,K.OA.1,"Represent addition and subtraction with objects, fingers, mental images, drawings, etc.",0.2247
data representation,K.OA.1,"Represent addition and subtraction with objects, fingers, mental images, drawings, etc.",0.4308
data tracking,K.OA.1,"Represent addition and subtraction with objects, fingers, mental images, drawings, etc.",0.2625
data visualization,K.OA.1,"Represent addition and subtraction with objects, fingers, mental images, drawings, etc.",0.3538
decimals,1.NBT.2,Understand that the two digits of a two-digit number represent amounts of tens and ones,0.5028
decision making,1.OA.3,Apply properties of operations as strategies to add and subtract,0.2202
decision-making,1.OA.3,Apply properties of operations as strategies to add and subtract,0.2301
decoding,1.RF.4,Read with sufficient accuracy and fluency to support comprehension,0.3167
deeper thinking,K.OA.1,"Represent addition and subtraction with objects, fingers, mental images, drawings, etc.",0.2817
demonstration,K.RF.2,"Demonstrate understanding of spoken words, syllables, and sounds",0.2492
descriptive comprehension,1.RF.4,Read with sufficient accuracy and fluency to support comprehension,0.6161
design,K.OA.1,"Represent addition and subtraction with objects, fingers, mental images, drawings, etc.",0.3493
design thinking,K.OA.1,"Represent addition and subtraction with objects, fingers, mental images, drawings, etc.",0.3442
detail evaluation,1.RL.3,"Describe characters, settings, and major events in a story",0.329
detail recognition,K.RF.2,"Demonstrate understanding of spoken words, syllables, and sounds",0.3508
detail selection,1.RL.3,"Describe characters, settings, and major events in a story",0.3321
details,1.RL.3,"Describe characters, settings, and major events in a story",0.3474
diagrams,K.OA.1,"Represent addition and subtraction with objects, fingers, mental images, drawings, etc.",0.4612
dialogue,K.RF.2,"Demonstrate understanding of spoken words, syllables, and sounds",0.3607
digit value,1.NBT.2,Understand that the two digits of a two-digit number represent amounts of tens and ones,0.6415
digital citizenship,K.OA.1,"Represent addition and subtraction with objects, fingers, mental images, drawings, etc.",0.1775
diplomacy,1.RL.3,"Describe characters, settings, and major events in a story",0.1672
discussion,K.RF.2,"Demonstrate understanding of spoken words, syllables, and sounds",0.2102
distributive properties,1.OA.3,Apply properties of operations as strategies to add and subtract,0.408
diversity,1.RL.3,"Describe characters, settings, and major events in a story",0.1922
division,1.OA.3,Apply properties of operations as strategies to add and subtract,0.29
documentation,K.RL.1,Ask and answer questions about key details in a text,0.3396
doubles,1.NBT.2,Understand that the two digits of a two-digit number represent amounts of tens and ones,0.3105
earth science,K.OA.1,"Represent addition and subtraction with objects, fingers, mental images, drawings, etc.",0.1791
ecology,K.RF.2,"Demonstrate understanding of spoken words, syllables, and sounds",0.1883
economics,1.OA.3,Apply properties of operations as strategies to add and subtract,0.2482
ecosystems,K.RF.2,"Demonstrate understanding of spoken words, syllables, and sounds",0.1177
editing,K.OA.1,"Represent addition and subtraction with objects, fingers, mental images, drawings, etc.",0.2142
effort,1.NBT.2,Understand that the two digits of a two-digit number represent amounts of tens and ones,0.152
elapsed time,K.OA.1,"Represent addition and subtraction with objects, fingers, mental images, drawings, etc.",0.1732
electricity,1.NBT.2,Understand that the two digits of a two-digit number represent amounts of tens and ones,0.1638
emotion identification,K.RF.2,"Demonstrate understanding of spoken words, syllables, and sounds",0.1995
emotion recognition,K.RF.2,"Demonstrate understanding of spoken words, syllables, and sounds",0.2578
emotional awareness,K.RF.2,"Demonstrate understanding of spoken words, syllables, and sounds",0.167
emotional expression,K.OA.1,"Represent addition and subtraction with objects, fingers, mental images, drawings, etc.",0.2487
emotional labeling,K.RF.2,"Demonstrate understanding of spoken words, syllables, and sounds",0.2812
emotional regulation,1.RL.3,"Describe characters, settings, and major events in a story",0.1462
emotional vocabulary,K.RF.2,"Demonstrate understanding of spoken words, syllables, and sounds",0.2927
empathy,K.OA.1,"Represent addition and subtraction with objects, fingers, mental images, drawings, etc.",0.2244
encouragement,1.NBT.2,Understand that the two digits of a two-digit number represent amounts of tens and ones,0.1138
energy,K.OA.1,"Represent addition and subtraction with objects, fingers, mental images, drawings, etc.",0.1738
energy forms,K.OA.1,"Represent addition and subtraction with objects, fingers, mental images, drawings, etc.",0.1563
energy sources,K.RL.1,Ask and answer questions about key details in a text,0.0837
energy types,K.OA.1,"Represent addition and subtraction with objects, fingers, mental images, drawings, etc.",0.1323
engineering,K.OA.1,"Represent addition and subtraction with objects, fingers, mental images, drawings, etc.",0.2248
engineering thinking,K.OA.1,"Represent addition and subtraction with objects, fingers, mental images, drawings, etc.",0.2156
entrepreneurship,1.RL.3,"Describe characters, settings, and major events in a story",0.0757
environmental awareness,1.RL.3,"Describe characters, settings, and major events in a story",0.1372
environmental science,K.OA.1,"Represent addition and subtraction with objects, fingers, mental images, drawings, etc.",0.1553
equations,1.OA.3,Apply properties of operations as strategies to add and subtract,0.3395
equivalence,1.OA.3,Apply properties of operations as strategies to add and subtract,0.1554
erosion,K.OA.1,"Represent addition and subtraction with objects, fingers, mental images, drawings, etc.",0.094
estimation,1.OA.3,Apply properties of operations as strategies to add and subtract,0.1293
evidence,1.RF.4,Read with sufficient accuracy and fluency to support comprehension,0.2046
evidence gathering,1.RF.4,Read with sufficient accuracy and fluency to support comprehension,0.2485
exchange,1.OA.3,Apply properties of operations as strategies to add and subtract,0.2286
expanded form,1.OA.3,Apply properties of operations as strategies to add and subtract,0.2762
experimentation,1.RF.4,Read with sufficient accuracy and fluency to support comprehension,0.2257
explanation,1.NBT.2,Understand that the two digits of a two-digit number represent amounts of tens and ones,0.2823
expressions,1.OA.3,Apply properties of operations as strategies to add and subtract,0.3515
fact families,1.RL.3,"Describe characters, settings, and major events in a story",0.2528
fact fluency,1.RF.4,Read with sufficient accuracy and fluency to support comprehension,0.4932
fact identification,1.RL.3,"Describe characters, settings, and major events in a story",0.2259
fact-finding,2.OA.1,Use addition and subtraction within 100 to solve word problems,0.2433
fairness,1.RF.4,Read with sufficient accuracy and fluency to support comprehension,0.0932
feedback,1.RF.4,Read with sufficient accuracy and fluency to support comprehension,0.2048
figurative language,K.RF.2,"Demonstrate understanding of spoken words, syllables, and sounds",0.4395
figurative meaning,2.RL.2,"Recount stories, including fables and folktales, and determine their central message, lesson, or moral",0.2459
fluency,1.RF.4,Read with sufficient accuracy and fluency to support comprehension,0.5004
focus,1.RF.4,Read with sufficient accuracy and fluency to support comprehension,0.2773
force,1.NBT.2,Understand that the two digits of a two-digit number represent amounts of tens and ones,0.1409
force and motion,K.OA.1,"Represent addition and subtraction with objects, fingers, mental images, drawings, etc.",0.2169
foresight,1.RL.3,"Describe characters, settings, and major events in a story",0.2178
formula use,1.OA.3,Apply properties of operations as strategies to add and subtract,0.3508
fraction models,1.OA.3,Apply properties of operations as strategies to add and subtract,0.1895
fraction operations,1.OA.3,Apply properties of operations as strategies to add and subtract,0.5011
fractions,2.OA.1,Use addition and subtraction within 100 to solve word problems,0.3103
freedom,1.RL.3,"Describe characters, settings, and major events in a story",0.1236
friendship skills,K.OA.1,"Represent addition and subtraction with objects, fingers, mental images, drawings, etc.",0.1794
functional literacy,1.RF.4,Read with sufficient accuracy and fluency to support comprehension,0.5034
generosity,1.NBT.2,Understand that the two digits of a two-digit number represent amounts of tens and ones,0.1943
genre comparison,1.RL.3,"Describe characters, settings, and major events in a story",0.2907
genre recognition,K.RF.2,"Demonstrate understanding of spoken words, syllables, and sounds",0.3603
geography,K.OA.1,"Represent addition and subtraction with objects, fingers, mental images, drawings, etc.",0.2481
geology,K.OA.1,"Represent addition and subtraction with objects, fingers, mental images, drawings, etc.",0.1209
geometry,K.OA.1,"Represent addition and subtraction with objects, fingers, mental images, drawings, etc.",0.3852
global citizenship,K.RL.1,Ask and answer questions about key details in a text,0.0769
goal setting,1.RL.3,"Describe characters, settings, and major events in a story",0.279
grammar,1.RF.4,Read with sufficient accuracy and fluency to support comprehension,0.3056
graph interpretation,K.OA.1,"Represent addition and subtraction with objects, fingers, mental images, drawings, etc.",0.2949
graphing,K.OA.1,"Represent addition and subtraction with objects, fingers, mental images, drawings, etc.",0.3945
gratitude,1.NBT.2,Understand that the two digits of a two-digit number represent amounts of tens and ones,0.1478
greater/less than,K.CC.1,Count to 100 by ones and by tens,0.3129
grit,1.RF.4,Read with sufficient accuracy and fluency to support comprehension,0.2078
group norms,K.CC.1,Count to 100 by ones and by tens,0.1007
grouping,K.CC.1,Count to 100 by ones and by tens,0.3197
growth,1.OA.3,Apply properties of operations as strategies to add and subtract,0.1884
growth mindset,1.RF.4,Read with sufficient accuracy and fluency to support comprehension,0.1519
habit-building,K.OA.1,"Represent addition and subtraction with objects, fingers, mental images, drawings, etc.",0.173
habits,1.RL.3,"Describe characters, settings, and major events in a story",0.1843
hands-on testing,K.RF.2,"Demonstrate understanding of spoken words, syllables, and sounds",0.2273
hazard awareness,1.RF.4,Read with sufficient accuracy and fluency to support comprehension,0.2035
headings,1.RF.4,Read with sufficient accuracy and fluency to support comprehension,0.1844
helping,1.RF.4,Read with sufficient accuracy and fluency to support comprehension,0.1731
historical thinking,2.RL.2,"Recount stories, including fables and folktales, and determine their central message, lesson, or moral",0.2473
history,1.RL.3,"Describe characters, settings, and major events in a story",0.2714
honesty,1.RL.3,"Describe characters, settings, and major events in a story",0.208
idea development,K.OA.1,"Represent addition and subtraction with objects, fingers, mental images, drawings, etc.",0.3224
identity,K.OA.1,"Represent addition and subtraction with objects, fingers, mental images, drawings, etc.",0.1992
inclusion,2.OA.1,Use addition and subtraction within 100 to solve word problems,0.1983
inclusive behavior,1.OA.3,Apply properties of operations as strategies to add and subtract,0.2428
independence,1.RL.3,"Describe characters, settings, and major events in a story",0.1329
industry,1.OA.3,Apply properties of operations as strategies to add and subtract,0.1515
inference,1.RF.4,Read with sufficient accuracy and fluency to support comprehension,0.2993
initiative,1.RL.3,"Describe characters, settings, and major events in a story",0.1998
innovation,1.OA.3,Apply properties of operations as strategies to add and subtract,0.2214
inquiry,1.RF.4,Read with sufficient accuracy and fluency to support comprehension,0.2809
interdependence,K.OA.1,"Represent addition and subtraction with objects, fingers, mental images, drawings, etc.",0.1963
interpersonal skills,K.OA.1,"Represent addition and subtraction with objects, fingers, mental images, drawings, etc.",0.2459
interpretation,1.RL.3,"Describe characters, settings, and major events in a story",0.276
introspection,1.RL.3,"Describe characters, settings, and major events in a story",0.2385
invention,K.OA.1,"Represent addition and subtraction with objects, fingers, mental images, drawings, etc.",0.2256
investigation,1.RF.4,Read with sufficient accuracy and fluency to support comprehension,0.1607
irony,K.CC.1,Count to 100 by ones and by tens,0.1121
iteration,1.OA.3,Apply properties of operations as strategies to add and subtract,0.2889
kindness,K.OA.1,"Represent addition and subtraction with objects, fingers, mental images, drawings, etc.",0.1256
labeling,K.RF.2,"Demonstrate understanding of spoken words, syllables, and sounds",0.2972
labeling feelings,K.OA.1,"Represent addition and subtraction with objects, fingers, mental images, drawings, etc.",0.2609
laws,1.OA.3,Apply properties of operations as strategies to add and subtract,0.167
leadership,1.RL.3,"Describe characters, settings, and major events in a story",0.22
legacy,1.RL.3,"Describe characters, settings, and major events in a story",0.1802
listening,K.RF.2,"Demonstrate understanding of spoken words, syllables, and sounds",0.304
listening comprehension,1.RF.4,Read with sufficient accuracy and fluency to support comprehension,0.5886
local relevance,1.RF.4,Read with sufficient accuracy and fluency to support comprehension,0.2503
logical reasoning,1.RF.4,Read with sufficient accuracy and fluency to support comprehension,0.3181
logical thinking,K.OA.1,"Represent addition and subtraction with objects, fingers, mental images, drawings, etc.",0.3279
magnetism,K.OA.1,"Represent addition and subtraction with objects, fingers, mental images, drawings, etc.",0.2139
main idea,1.RL.3,"Describe characters, settings, and major events in a story",0.2769
making 10,K.CC.1,Count to 100 by ones and by tens,0.4076
map reading,1.RF.4,Read with sufficient accuracy and fluency to support comprehension,0.4236
mapping,K.OA.1,"Represent addition and subtraction with objects, fingers, mental images, drawings, etc.",0.2926
materials sorting,K.CC.1,Count to 100 by ones and by tens,0.2221
math fluency,1.RF.4,Read with sufficient accuracy and fluency to support comprehension,0.4924
math reasoning,2.OA.1,Use addition and subtraction within 100 to solve word problems,0.427
math vocabulary,2.OA.1,Use addition and subtraction within 100 to solve word problems,0.4584
maturity,1.RL.3,"Describe characters, settings, and major events in a story",0.1533
measurement,1.NBT.2,Understand that the two digits of a two-digit number represent amounts of tens and ones,0.258
measuring,K.CC.1,Count to 100 by ones and by tens,0.3296
mechanics,K.OA.1,"Represent addition and subtraction with objects, fingers, mental images, drawings, etc.",0.2597
media literacy,1.RF.4,Read with sufficient accuracy and fluency to support comprehension,0.3519
memory building,K.OA.1,"Represent addition and subtraction with objects, fingers, mental images, drawings, etc.",0.3044
metaphors,K.OA.1,"Represent addition and subtraction with objects, fingers, mental images, drawings, etc.",0.409
mindfulness,K.OA.1,"Represent addition and subtraction with objects, fingers, mental images, drawings, etc.",0.1343
mindset,1.RF.4,Read with sufficient accuracy and fluency to support comprehension,0.194
model drawing,K.OA.1,"Represent addition and subtraction with objects, fingers, mental images, drawings, etc.",0.4
modeling,K.OA.1,"Represent addition and subtraction with objects, fingers, mental images, drawings, etc.",0.3841
models,K.OA.1,"Represent addition and subtraction with objects, fingers, mental images, drawings, etc.",0.2937
money basics,1.NBT.2,Understand that the two digits of a two-digit number represent amounts of tens and ones,0.2447
money identification,1.NBT.2,Understand that the two digits of a two-digit number represent amounts of tens and ones,0.233
money math,2.OA.1,Use addition and subtraction within 100 to solve word problems,0.415
motion,K.OA.1,"Represent addition and subtraction with objects, fingers, mental images, drawings, etc.",0.2718
motivation,1.RF.4,Read with sufficient accuracy and fluency to support comprehension,0.1842
multi-step reasoning,1.OA.3,Apply properties of operations as strategies to add and subtract,0.3662
multimodal literacy,1.RF.4,Read with sufficient accuracy and fluency to support comprehension,0.4236
multiplication,1.OA.3,Apply properties of operations as strategies to add and subtract,0.524
multiplication intro,1.OA.3,Apply properties of operations as strategies to add and subtract,0.4563
negotiation,1.OA.3,Apply properties of operations as strategies to add and subtract,0.1717
nonfiction,1.RL.3,"Describe characters, settings, and major events in a story",0.3586
nonfiction comprehension,1.RF.4,Read with sufficient accuracy and fluency to support comprehension,0.5797
nonfiction features,1.RL.3,"Describe characters, settings, and major events in a story",0.4556
nonverbal cues,K.RF.2,"Demonstrate understanding of spoken words, syllables, and sounds",0.35
note taking,1.RF.4,Read with sufficient accuracy and fluency to support comprehension,0.3202
note-taking,1.RF.4,Read with sufficient accuracy and fluency to support comprehension,0.3225
number lines,1.NBT.2,Understand that the two digits of a two-digit number represent amounts of tens and ones,0.3568
number recognition,K.OA.1,"Represent addition and subtraction with objects, fingers, mental images, drawings, etc.",0.4608
number representation,1.NBT.2,Understand that the two digits of a two-digit number represent amounts of tens and ones,0.5043
number sense,1.NBT.2,Understand that the two digits of a two-digit number represent amounts of tens and ones,0.5273
numeracy,K.CC.1,Count to 100 by ones and by tens,0.373
observation,K.OA.1,"Represent addition and subtraction with objects, fingers, mental images, drawings, etc.",0.2135
one-to-one correspondence,K.OA.1,"Represent addition and subtraction with objects, fingers, mental images, drawings, etc.",0.2327
operations,1.OA.3,Apply properties of operations as strategies to add and subtract,0.702
oral fluency,1.RF.4,Read with sufficient accuracy and fluency to support comprehension,0.3928
oral reading,1.RF.4,Read with sufficient accuracy and fluency to support comprehension,0.5321
orbit,1.OA.3,Apply properties of operations as strategies to add and subtract,0.133
order of operations,1.OA.3,Apply properties of operations as strategies to add and subtract,0.6088
ordering,K.CC.1,Count to 100 by ones and by tens,0.2721
organization,K.OA.1,"Represent addition and subtraction with objects, fingers, mental images, drawings, etc.",0.2061
paraphrasing,1.OA.3,Apply properties of operations as strategies to add and subtract,0.2713
part-whole,1.RF.4,Read with sufficient accuracy and fluency to support comprehension,0.1323
part-whole relationships,1.RL.3,"Describe characters, settings, and major events in a story",0.219
participation,1.RF.4,Read with sufficient accuracy and fluency to support comprehension,0.1812
parts of a plant,K.RF.2,"Demonstrate understanding of spoken words, syllables, and sounds",0.2009
patience,1.RF.4,Read with sufficient accuracy and fluency to support comprehension,0.2392
pattern extension,1.OA.3,Apply properties of operations as strategies to add and subtract,0.292
pattern noticing,K.OA.1,"Represent addition and subtraction with objects, fingers, mental images, drawings, etc.",0.244
pattern recognition,K.RF.2,"Demonstrate understanding of spoken words, syllables, and sounds",0.4263
patterning,K.OA.1,"Represent addition and subtraction with objects, fingers, mental images, drawings, etc.",0.3567
patterns,K.OA.1,"Represent addition and subtraction with objects, fingers, mental images, drawings, etc.",0.3827
peaceful communication,K.RF.2,"Demonstrate understanding of spoken words, syllables, and sounds",0.2058
perseverance,2.RL.2,"Recount stories, including fables and folktales, and determine their central message, lesson, or moral",0.1674
personal strengths,1.RF.4,Read with sufficient accuracy and fluency to support comprehension,0.2547
perspective,K.OA.1,"Represent addition and subtraction with objects, fingers, mental images, drawings, etc.",0.2512
perspective-taking,K.OA.1,"Represent addition and subtraction with objects, fingers, mental images, drawings, etc.",0.2786
persuasion,2.RL.2,"Recount stories, including fables and folktales, and determine their central message, lesson, or moral",0.2182
phonemic awareness,K.RF.2,"Demonstrate understanding of spoken words, syllables, and sounds",0.3557
phonics,K.RF.2,"Demonstrate understanding of spoken words, syllables, and sounds",0.2757
phonological awareness,K.RF.2,"Demonstrate understanding of spoken words, syllables, and sounds",0.549
physical science,K.OA.1,"Represent addition and subtraction with objects, fingers, mental images, drawings, etc.",0.3188
place value,1.OA.3,Apply properties of operations as strategies to add and subtract,0.2398
planning,1.RL.3,"Describe characters, settings, and major events in a story",0.2706
plot elements,K.OA.1,"Represent addition and subtraction with objects, fingers, mental images, drawings, etc.",0.2648
plot structure,K.OA.1,"Represent addition and subtraction with objects, fingers, mental images, drawings, etc.",0.2473
poetry,2.RL.2,"Recount stories, including fables and folktales, and determine their central message, lesson, or moral",0.3088
poetry features,K.RF.2,"Demonstrate understanding of spoken words, syllables, and sounds",0.4374
positive thinking,K.OA.1,"Represent addition and subtraction with objects, fingers, mental images, drawings, etc.",0.2307
practical math,K.OA.1,"Represent addition and subtraction with objects, fingers, mental images, drawings, etc.",0.4637
predicting,1.RL.3,"Describe characters, settings, and major events in a story",0.2139
prediction,1.RF.4,Read with sufficient accuracy and fluency to support comprehension,0.1903
predictions,1.RL.3,"Describe characters, settings, and major events in a story",0.1753
presentation,K.RF.2,"Demonstrate understanding of spoken words, syllables, and sounds",0.2603
pride,2.RL.2,"Recount stories, including fables and folktales, and determine their central message, lesson, or moral",0.1763
primary sources,2.RL.2,"Recount stories, including fables and folktales, and determine their central message, lesson, or moral",0.1967
print tracking,K.OA.1,"Represent addition and subtraction with objects, fingers, mental images, drawings, etc.",0.2223
priorities,1.RL.3,"Describe characters, settings, and major events in a story",0.2825
problem solving,2.OA.1,Use addition and subtraction within 100 to solve word problems,0.4584
pronouns,1.RF.4,Read with sufficient accuracy and fluency to support comprehension,0.2442
properties,1.OA.3,Apply properties of operations as strategies to add and subtract,0.3237
prosody,K.RF.2,"Demonstrate understanding of spoken words, syllables, and sounds",0.3827
protest,K.CC.1,Count to 100 by ones and by tens,0.1594
public speaking,K.RF.2,"Demonstrate understanding of spoken words, syllables, and sounds",0.3931
purpose,1.RF.4,Read with sufficient accuracy and fluency to support comprehension,0.2023
purpose identification,K.OA.1,"Represent addition and subtraction with objects, fingers, mental images, drawings, etc.",0.2141
quadrants,K.OA.1,"Represent addition and subtraction with objects, fingers, mental images, drawings, etc.",0.2542
quantity comparison,2.OA.1,Use addition and subtraction within 100 to solve word problems,0.3397
questioning,1.RF.4,Read with sufficient accuracy and fluency to support comprehension,0.2477
ratio reasoning,2.OA.1,Use addition and subtraction within 100 to solve word problems,0.3535
reactions,1.OA.3,Apply properties of operations as strategies to add and subtract,0.2787
reading confidence,1.RF.4,Read with sufficient accuracy and fluency to support comprehension,0.5613
real-world application,K.OA.1,"Represent addition and subtraction with objects, fingers, mental images, drawings, etc.",0.2967
real-world math,K.OA.1,"Represent addition and subtraction with objects, fingers, mental images, drawings, etc.",0.4615
reasoning,1.RF.4,Read with sufficient accuracy and fluency to support comprehension,0.3355
recognizing triggers,1.RL.3,"Describe characters, settings, and major events in a story",0.2533
recording,K.RF.2,"Demonstrate understanding of spoken words, syllables, and sounds",0.2633
recording observations,K.RF.2,"Demonstrate understanding of spoken words, syllables, and sounds",0.2259
reflection,K.OA.1,"Represent addition and subtraction with objects, fingers, mental images, drawings, etc.",0.1853
reform,1.OA.3,Apply properties of operations as strategies to add and subtract,0.1989
reframing,K.OA.1,"Represent addition and subtraction with objects, fingers, mental images, drawings, etc.",0.2941
regional comparison,1.NBT.2,Understand that the two digits of a two-digit number represent amounts of tens and ones,0.1274
regrouping,K.CC.1,Count to 100 by ones and by tens,0.2936
regulation,1.OA.3,Apply properties of operations as strategies to add and subtract,0.2184
relationship building,1.RL.3,"Describe characters, settings, and major events in a story",0.205
representation,K.OA.1,"Represent addition and subtraction with objects, fingers, mental images, drawings, etc.",0.4375
research,1.RF.4,Read with sufficient accuracy and fluency to support comprehension,0.1886
resource identification,K.OA.1,"Represent addition and subtraction with objects, fingers, mental images, drawings, etc.",0.1991
respect,1.RF.4,Read with sufficient accuracy and fluency to support comprehension,0.1149
response accuracy,1.RF.4,Read with sufficient accuracy and fluency to support comprehension,0.3524
responsibility,1.RL.3,"Describe characters, settings, and major events in a story",0.219
retelling,2.RL.2,"Recount stories, including fables and folktales, and determine their central message, lesson, or moral",0.3463
review,2.OA.1,Use addition and subtraction within 100 to solve word problems,0.1281
revision,K.OA.1,"Represent addition and subtraction with objects, fingers, mental images, drawings, etc.",0.1882
rhyme recognition,K.RF.2,"Demonstrate understanding of spoken words, syllables, and sounds",0.5893
rhythm,K.RF.2,"Demonstrate understanding of spoken words, syllables, and sounds",0.2776
rights,1.RL.3,"Describe characters, settings, and major events in a story",0.1154
role-play,1.RL.3,"Describe characters, settings, and major events in a story",0.2712
roles,1.RL.3,"Describe characters, settings, and major events in a story",0.2642
rotation,K.OA.1,"Represent addition and subtraction with objects, fingers, mental images, drawings, etc.",0.1814
routine building,1.OA.3,Apply properties of operations as strategies to add and subtract,0.2112
rules,1.RL.3,"Describe characters, settings, and major events in a story",0.1503
safety awareness,1.RF.4,Read with sufficient accuracy and fluency to support comprehension,0.1621
scaling,1.OA.3,Apply properties of operations as strategies to add and subtract,0.271
scanning,1.RF.4,Read with sufficient accuracy and fluency to support comprehension,0.2703
scarcity,1.OA.3,Apply properties of operations as strategies to add and subtract,0.1688
science vocabulary,K.RF.2,"Demonstrate understanding of spoken words, syllables, and sounds",0.3368
scientific method,1.OA.3,Apply properties of operations as strategies to add and subtract,0.2188
scientific process,1.OA.3,Apply properties of operations as strategies to add and subtract,0.1683
self-advocacy,1.RF.4,Read with sufficient accuracy and fluency to support comprehension,0.1153
self-assessment,1.RF.4,Read with sufficient accuracy and fluency to support comprehension,0.3276
self-awareness,K.OA.1,"Represent addition and subtraction with objects, fingers, mental images, drawings, etc.",0.2017
self-care,1.RF.4,Read with sufficient accuracy and fluency to support comprehension,0.1536
self-control,1.OA.3,Apply properties of operations as strategies to add and subtract,0.1383
self-discipline,1.OA.3,Apply properties of operations as strategies to add and subtract,0.1301
self-esteem,K.OA.1,"Represent addition and subtraction with objects, fingers, mental images, drawings, etc.",0.1443
self-monitoring,K.OA.1,"Represent addition and subtraction with objects, fingers, mental images, drawings, etc.",0.1922
self-motivation,K.OA.1,"Represent addition and subtraction with objects, fingers, mental images, drawings, etc.",0.1446
self-recognition,K.OA.1,"Represent addition and subtraction with objects, fingers, mental images, drawings, etc.",0.3622
self-reflection,K.OA.1,"Represent addition and subtraction with objects, fingers, mental images, drawings, etc.",0.2059
self-regulation,1.OA.3,Apply properties of operations as strategies to add and subtract,0.1787
self-soothing,K.RF.2,"Demonstrate understanding of spoken words, syllables, and sounds",0.1587
self-talk,K.RF.2,"Demonstrate understanding of spoken words, syllables, and sounds",0.2393
sensory awareness,K.RF.2,"Demonstrate understanding of spoken words, syllables, and sounds",0.2344
sensory observation,K.RF.2,"Demonstrate understanding of spoken words, syllables, and sounds",0.3503
sequence,K.CC.1,Count to 100 by ones and by tens,0.2401
sequencing,1.OA.3,Apply properties of operations as strategies to add and subtract,0.2297
service,K.RF.2,"Demonstrate understanding of spoken words, syllables, and sounds",0.1775
shape attributes,K.OA.1,"Represent addition and subtraction with objects, fingers, mental images, drawings, etc.",0.3988
shape naming,K.OA.1,"Represent addition and subtraction with objects, fingers, mental images, drawings, etc.",0.3349
shape partitioning,K.OA.1,"Represent addition and subtraction with objects, fingers, mental images, drawings, etc.",0.2194
shape recognition,K.OA.1,"Represent addition and subtraction with objects, fingers, mental images, drawings, etc.",0.3608
shapes,K.OA.1,"Represent addition and subtraction with objects, fingers, mental images, drawings, etc.",0.4361
shared goals,1.OA.3,Apply properties of operations as strategies to add and subtract,0.1792
sharing data,K.RL.1,Ask and answer questions about key details in a text,0.1774
similes,K.OA.1,"Represent addition and subtraction with objects, fingers, mental images, drawings, etc.",0.3303
simplification,1.OA.3,Apply properties of operations as strategies to add and subtract,0.3969
skimming,1.RF.4,Read with sufficient accuracy and fluency to support comprehension,0.3
skip counting,K.CC.1,Count to 100 by ones and by tens,0.4549
social awareness,1.RL.3,"Describe characters, settings, and major events in a story",0.173
social change,1.OA.3,Apply properties of operations as strategies to add and subtract,0.1444
social initiation,1.RL.3,"Describe characters, settings, and major events in a story",0.1791
social norms,2.RL.2,"Recount stories, including fables and folktales, and determine their central message, lesson, or moral",0.1886
society,K.CC.1,Count to 100 by ones and by tens,0.1618
solution generation,2.OA.1,Use addition and subtraction within 100 to solve word problems,0.3069
sorting,K.CC.1,Count to 100 by ones and by tens,0.3382
space patterns,K.OA.1,"Represent addition and subtraction with objects, fingers, mental images, drawings, etc.",0.3224
space science,K.OA.1,"Represent addition and subtraction with objects, fingers, mental images, drawings, etc.",0.2063
spatial awareness,K.OA.1,"Represent addition and subtraction with objects, fingers, mental images, drawings, etc.",0.3009
spatial reasoning,K.OA.1,"Represent addition and subtraction with objects, fingers, mental images, drawings, etc.",0.3577
speaking,K.RF.2,"Demonstrate understanding of spoken words, syllables, and sounds",0.2434
speaking & listening,K.RF.2,"Demonstrate understanding of spoken words, syllables, and sounds",0.4384
speed,1.NBT.2,Understand that the two digits of a two-digit number represent amounts of tens and ones,0.1905
states of matter,K.OA.1,"Represent addition and subtraction with objects, fingers, mental images, drawings, etc.",0.1964
statistics,K.OA.1,"Represent addition and subtraction with objects, fingers, mental images, drawings, etc.",0.2623
story elements,1.RL.3,"Describe characters, settings, and major events in a story",0.5588
story engagement,1.RL.3,"Describe characters, settings, and major events in a story",0.4943
story parts,1.RL.3,"Describe characters, settings, and major events in a story",0.506
story understanding,1.RL.3,"Describe characters, settings, and major events in a story",0.6157
storytelling,1.RL.3,"Describe characters, settings, and major events in a story",0.4809
strategic thinking,1.OA.3,Apply properties of operations as strategies to add and subtract,0.2333
strategies,1.OA.3,Apply properties of operations as strategies to add and subtract,0.3847
strategy use,1.OA.3,Apply properties of operations as strategies to add and subtract,0.3653
stress response,1.RF.4,Read with sufficient accuracy and fluency to support comprehension,0.1029
structure,K.OA.1,"Represent addition and subtraction with objects, fingers, mental images, drawings, etc.",0.2779
structure analysis,K.RF.2,"Demonstrate understanding of spoken words, syllables, and sounds",0.2328
style,1.RL.3,"Describe characters, settings, and major events in a story",0.2298
subtraction,1.OA.3,Apply properties of operations as strategies to add and subtract,0.6024
summarization,1.RL.3,"Describe characters, settings, and major events in a story",0.3708
summarizing,1.RL.3,"Describe characters, settings, and major events in a story",0.4004
summary,1.RL.3,"Describe characters, settings, and major events in a story",0.4101
supply chain,1.OA.3,Apply properties of operations as strategies to add and subtract,0.1771
supporting evidence,1.RF.4,Read with sufficient accuracy and fluency to support comprehension,0.2718
sustainability,K.OA.1,"Represent addition and subtraction with objects, fingers, mental images, drawings, etc.",0.0882
symbol decoding,K.OA.1,"Represent addition and subtraction with objects, fingers, mental images, drawings, etc.",0.3161
symbolism,K.OA.1,"Represent addition and subtraction with objects, fingers, mental images, drawings, etc.",0.426
symmetry,K.OA.1,"Represent addition and subtraction with objects, fingers, mental images, drawings, etc.",0.2414
synthesis,1.OA.3,Apply properties of operations as strategies to add and subtract,0.235
system thinking,K.OA.1,"Represent addition and subtraction with objects, fingers, mental images, drawings, etc.",0.3183
systems,K.OA.1,"Represent addition and subtraction with objects, fingers, mental images, drawings, etc.",0.3751
teamwork,K.OA.1,"Represent addition and subtraction with objects, fingers, mental images, drawings, etc.",0.222
technique,1.OA.3,Apply properties of operations as strategies to add and subtract,0.2409
tectonics,1.NBT.2,Understand that the two digits of a two-digit number represent amounts of tens and ones,0.1482
temperature,1.NBT.2,Understand that the two digits of a two-digit number represent amounts of tens and ones,0.1059
testing,1.RF.4,Read with sufficient accuracy and fluency to support comprehension,0.2417
text analysis,K.RL.1,Ask and answer questions about key details in a text,0.3716
text comparison,K.RL.1,Ask and answer questions about key details in a text,0.387
text features,K.RL.1,Ask and answer questions about key details in a text,0.4501
text recognition,K.RF.2,"Demonstrate understanding of spoken words, syllables, and sounds",0.381
text-based writing,K.RL.1,Ask and answer questions about key details in a text,0.368
text-to-self,K.RL.1,Ask and answer questions about key details in a text,0.3395
textual evidence,2.RL.2,"Recount stories, including fables and folktales, and determine their central message, lesson, or moral",0.326
theme,1.RL.3,"Describe characters, settings, and major events in a story",0.1932
theme recognition,K.RF.2,"Demonstrate understanding of spoken words, syllables, and sounds",0.382
thinking beyond the text,1.RF.4,Read with sufficient accuracy and fluency to support comprehension,0.3672
time awareness,K.RF.2,"Demonstrate understanding of spoken words, syllables, and sounds",0.2492
time management,1.RL.3,"Describe characters, settings, and major events in a story",0.1962
time reading,1.RF.4,Read with sufficient accuracy and fluency to support comprehension,0.5146
timelines,1.RL.3,"Describe characters, settings, and major events in a story",0.4212
tone,K.RF.2,"Demonstrate understanding of spoken words, syllables, and sounds",0.3405
tool use,K.OA.1,"Represent addition and subtraction with objects, fingers, mental images, drawings, etc.",0.2412
tools,K.OA.1,"Represent addition and subtraction with objects, fingers, mental images, drawings, etc.",0.2988
tracking,K.OA.1,"Represent addition and subtraction with objects, fingers, mental images, drawings, etc.",0.309
trade,1.OA.3,Apply properties of operations as strategies to add and subtract,0.1554
trait analysis,K.RF.2,"Demonstrate understanding of spoken words, syllables, and sounds",0.2895
trait identification,K.RF.2,"Demonstrate understanding of spoken words, syllables, and sounds",0.2169
transition words,K.RF.2,"Demonstrate understanding of spoken words, syllables, and sounds",0.3102
transitions,K.OA.1,"Represent addition and subtraction with objects, fingers, mental images, drawings, etc.",0.2426
transportation,1.OA.3,Apply properties of operations as strategies to add and subtract,0.1944
trial-and-error,1.RF.4,Read with sufficient accuracy and fluency to support comprehension,0.2951
turn-taking,1.OA.3,Apply properties of operations as strategies to add and subtract,0.2069
understanding,1.RF.4,Read with sufficient accuracy and fluency to support comprehension,0.3747
unit conversion,1.NBT.2,Understand that the two digits of a two-digit number represent amounts of tens and ones,0.3027
unit selection,1.OA.3,Apply properties of operations as strategies to add and subtract,0.2411
using senses,K.RF.2,"Demonstrate understanding of spoken words, syllables, and sounds",0.3565
validation,1.RF.4,Read with sufficient accuracy and fluency to support comprehension,0.2188
value,1.NBT.2,Understand that the two digits of a two-digit number represent amounts of tens and ones,0.3011
values,1.NBT.2,Understand that the two digits of a two-digit number represent amounts of tens and ones,0.3401
verbal problem solving,2.OA.1,Use addition and subtraction within 100 to solve word problems,0.4781
verbal recall,K.RF.2,"Demonstrate understanding of spoken words, syllables, and sounds",0.4112
visual comparison,K.OA.1,"Represent addition and subtraction with objects, fingers, mental images, drawings, etc.",0.3615
visual tools,K.OA.1,"Represent addition and subtraction with objects, fingers, mental images, drawings, etc.",0.4177
visualization,K.OA.1,"Represent addition and subtraction with objects, fingers, mental images, drawings, etc.",0.4056
vocabulary,1.RF.4,Read with sufficient accuracy and fluency to support comprehension,0.3574
voice,K.RF.2,"Demonstrate understanding of spoken words, syllables, and sounds",0.3563
weather tracking,K.RF.2,"Demonstrate understanding of spoken words, syllables, and sounds",0.1909
weather vocabulary,K.RF.2,"Demonstrate understanding of spoken words, syllables, and sounds",0.3233
westward movement,2.OA.1,Use addition and subtraction within 100 to solve word problems,0.1627
word problems,2.OA.1,Use addition and subtraction within 100 to solve word problems,0.6404
writing process,1.RL.3,"Describe characters, settings, and major events in a story",0.2365
x/y relationships,K.OA.1,"Represent addition and subtraction with objects, fingers, mental images, drawings, etc.",0.1904
